"Title (Reddit Style)","Angle (Strategy)","Hook (Opening Line)","Content Core (The Value)","Community (Subreddit)"
"3 Signs Someone is Selling You 'Tea Mysticism' (Not Good Leaves)","Anti-Bullshit / Red Flags","I've been sourcing tea for 10 years. If your dealer says any of these 3 things, run.","1. Over-emphasis on 'Qi' without flavor logic. 2. 'Ancient tree' claims with no proof. 3. Excessive ritual over simple brewing.","r/tea"
"Why 'Grandpa Style' is Actually S-Tier Brewing (Change My View)","Controversial / Validation","Unpopular opinion: You don't need a $200 pot to taste good tea. In fact, a glass mug might be better.","Explain the science of heat retention and leaf expansion. Validate the 'lazy' brewers as actually being practical connoisseurs.","r/tea"
"Stop Buying 'Fake Handmade' Mugs: A 3-Second Guide","Education / Gatekeeping","I see these 'artisanal' mugs everywhere on Etsy. Here is how to spot a slip-cast factory piece in 3 seconds.","Visual guide: 1. Perfectly round handle seams. 2. Suspiciously uniform glaze line. 3. White clay body under dark glaze.","r/Pottery"
"The 'Yixing' Trap: How to Spot a $5 Chemical Pot","Safety / Fear","That cute $10 purple clay pot from Amazon? It might be leaching chemicals into your tea. Here is the sound test.","Teach the 'Clink Test' (high pitch vs thud) and the water absorption test. Focus on health safety.","r/tea"
"Shipping Ceramics is a Nightmare. Here is How We Do It (Bomb-proof Test)","Behind-the-Scenes / Trust","I used to lose 30% of shipments to breakage. Then I learned the 'Double-Box' method.","Share a photo/gif of dropping a package and it surviving. Explain the physics of packaging. Proves you are a legit seller.","r/Ceramics"
"Why Your Blue Glaze Looks Brown (It's Not You, It's the Kiln)","Technical empathy","Spent 3 weeks on a piece just to have the kiln gods ruin it? Let's talk about reduction firing.","Explain the chemistry of kiln atmospheres. Comfort beginners who think they failed, when it was just physics.","r/Pottery"
"Authenticity Check: Is this worth $200? (Let's discuss)","Interactive / Roast","Found this at an 'antique' shop. They claim it is Ming Dynasty. I claim it is 2024 Alibaba. Thoughts?","Post a photo of a clearly fake antique. Let the comments roast it. Then reveal the specific details that gave it away.","r/Antiques"
"The 5 Tiers of Tea Drinkers (Which one are you?)","Entertainment / Identity","From Lipton bag squeezer to Gushu snob. Where do you fall on the spectrum?","Create a funny hierarchy. Make 'Grandpa Style' the surprising top tier (enlightened). Generate debate in comments.","r/tea"
"Confession: I Use a $5 Gaiwan for my $500 Tea","Vulnerability / Relatability","My friends judge me, but this cheap porcelain gaiwan beats my expensive clay pots every time. Here is why.","Porcelain is neutral. It doesn't lie. It shows the tea's true flavor. Clay can mask defects.","r/tea"
"How to Build a Ceramic Studio in a 10sqm Apartment","Inspiration / How-to","They said I needed a garage. I proved them wrong. Here is my tiny corner setup.","Photo of a super compact, efficient setup. Links to tools. Shows that anyone can start (encouraging the hobbyists).","r/Pottery"
